dataset,wer,samples,avg_latency,total_time
eval-d1,0.9085914085914086,17,7.200625209247365,122.4106285572052
eval-whatsapp,0.715022263885634,50,5.93558632850647,296.7793164253235
saspeech,0.22959183673469388,50,1.0630717039108277,53.15358519554138
hebrew-speech-kan,0.3197969543147208,50,0.8076552009582519,40.3827600479126
